{"cameraMode":{"drawMode":0,"name":"Shaded","section":"Shading Mode"},"sceneLighting":false,"audioPlay":false,"sceneViewState":{"showFog":true,"showMaterialUpdate":false,"showSkybox":false,"showFlares":true,"showImageEffects":true,"showParticleSystems":true},"in2DMode":false,"pivot":{"x":2.219789505004883,"y":1.1160950660705567,"z":4.491644859313965},"rotation":{"x":-0.03041299805045128,"y":0.7442679405212402,"z":-0.033968593925237659,"w":-0.666326105594635},"size":13.13728141784668,"orthographic":false}