{"cameraMode":{"drawMode":0,"name":"Shaded","section":"Shading Mode"},"sceneLighting":false,"audioPlay":false,"sceneViewState":{"showFog":true,"showMaterialUpdate":false,"showSkybox":false,"showFlares":true,"showImageEffects":true,"showParticleSystems":true},"in2DMode":false,"pivot":{"x":-0.42979782819747927,"y":3.3608529567718508,"z":-6.425564765930176},"rotation":{"x":-0.09707990288734436,"y":0.7104239463806152,"z":-0.09997618943452835,"w":-0.6898401975631714},"size":30.78361701965332,"orthographic":false}