{"cameraMode":{"drawMode":0,"name":"Shaded","section":"Shading Mode"},"sceneLighting":false,"audioPlay":false,"sceneViewState":{"showFog":true,"showMaterialUpdate":false,"showSkybox":false,"showFlares":true,"showImageEffects":true,"showParticleSystems":true},"in2DMode":false,"pivot":{"x":41.66243362426758,"y":62.636993408203128,"z":-37.43363952636719},"rotation":{"x":-0.0034354771487414839,"y":0.8387972116470337,"z":-0.005292326211929321,"w":-0.5444120764732361},"size":181.71932983398438,"orthographic":false}