{"cameraMode":{"drawMode":0,"name":"Shaded","section":"Shading Mode"},"sceneLighting":false,"audioPlay":false,"sceneViewState":{"showFog":true,"showMaterialUpdate":false,"showSkybox":false,"showFlares":true,"showImageEffects":true,"showParticleSystems":true},"in2DMode":false,"pivot":{"x":-3.323490858078003,"y":0.3983173072338104,"z":5.839347839355469},"rotation":{"x":-0.02669721096754074,"y":0.7074481844902039,"z":-0.026760883629322053,"w":-0.7057536840438843},"size":11.876937866210938,"orthographic":false}